﻿id,name,teacher,class_room,score
1,信息可视化设计,赵景,期末评估,92
2,线上调查与统计,王子佳,期末评估,90
3,Python语言,秦胜伟,期末评估,100
4,媒介经济学,赵景,期末评估,90
5,摄像基础,温灵/胡美香,期末评估,90
6,文学与电影（上）,罗旻,期末评估,90
7,网络媒介素养,程悦,期末评估,90
8,数字图像处理,杨正昱,期末评估,90
9,网页设计与制作,廖汉腾/吴雪,期末评估,90
10,大学人文基础,夏晴,期末评估,90
11,网络新媒体技术与协作,廖汉腾,期末评估,90
12,新媒体概论,陈珂,期末评估,90
13,传播学概论,杨萍,期末评估,90
